{
    "accuracy": 0.01680672268907563,
    "precision": 0.010614772224679344,
    "recall": 0.01680672268907563,
    "f1_score": 0.011904761904761904
}