{
    "accuracy": 0.03361344537815126,
    "precision": 0.061391223155929035,
    "recall": 0.03361344537815126,
    "f1_score": 0.03994931305855676
}