{
    "accuracy": 0.008403361344537815,
    "precision": 0.0028011204481792717,
    "recall": 0.008403361344537815,
    "f1_score": 0.004201680672268907
}