{
    "accuracy": 0.08403361344537816,
    "precision": 0.13012409264781183,
    "recall": 0.08403361344537816,
    "f1_score": 0.0780317791947621
}