{
    "accuracy": 0.06722689075630252,
    "precision": 0.07242897158863545,
    "recall": 0.06722689075630252,
    "f1_score": 0.055837568813347366
}