{
    "accuracy": 0.01680672268907563,
    "precision": 0.014829461196243203,
    "recall": 0.01680672268907563,
    "f1_score": 0.01568627450980392
}