{
    "accuracy": 0.008403361344537815,
    "precision": 0.014005602240896357,
    "recall": 0.008403361344537815,
    "f1_score": 0.01050420168067227
}