{
    "accuracy": 0.03361344537815126,
    "precision": 0.05042016806722689,
    "recall": 0.03361344537815126,
    "f1_score": 0.026330532212885158
}