{
    "accuracy": 0.03361344537815126,
    "precision": 0.06190476190476191,
    "recall": 0.03361344537815126,
    "f1_score": 0.0356123844886792
}